text,count,examples
ALINEAR Y BALANCEAR,2,(s/f)  Q-6 SUSPENSION | (s/f)  RX-6 NEUMATICOS
Cortes en neumaticos,1,(s/f)  BX-19 NEUMATICOS
"Freno de motor no conecta en forma automatica y manual, avisado el año 2022",1,(s/f)  BX-19 MOTOR
Foco mayor derecho (defecto conector),1,(s/f)  RX-19 LUCES Y SISTEMA ELECTRICO
Gobernador de cuerpo bomba no funciona,1,(s/f)  RX-19 CUERPO BOMBA
Torre de iluminacion no baja ocacionalmente,1,(s/f)  RX-19 TORRE DE ILUMINACION
Tripode y foco portatil se encuentra en CML desde 2022 para su reparacion,1,(s/f)  RX-19 OTROS
"Botonera de alzavidrio puerta tacera izquierda no funciona, impide la subida y bajada de vidri.",1,(s/f)  B-19 CABINA Y CARROCERIA
Seguro de cajonera de techo y luces de interior,1,(s/f)  B-19 CABINA Y CARROCERIA
Alertas en tablero de instrumentos (Falla control motor y falla luces),1,(s/f)  B-19 MOTOR
"Piton monitor no funciona por electrovalvula, seguro de fijacion roto",1,(s/f)  B-19 CUERPO BOMBA
"Luz azul de emergencia inferior tracera derecha no enciende, pendiente del 2024",1,(s/f)  B-19 SISTEMAS DE ALARMAS
Soportes de ERA cabina tracera se encuentran en mal estado,1,(s/f)  B-19 OTROS
cambiar cargador mantenedor sistema de carga,1,(s/f)  B-1 LUCES Y SISTEMA ELECTRICO
Convertidor de 220 a 24 para maquina de agua malo,1,(s/f)  B-1 CABINA Y CARROCERIA
Cargador de linternas no funciona,1,(s/f)  B-1 CABINA Y CARROCERIA
Lubricar cuerpo de bomba,1,(s/f)  B-1 CUERPO BOMBA
Generador no se conecta con Bomba. (rosenbauer),1,(s/f)  B-1 TORRE DE ILUMINACION
camara de retroceso no esta funcionando (rosenbauer),1,(s/f)  B-1 OTROS
falta goma en manilla pollo lado conductor,1,(s/f)  B-1 OTROS
sistema luz de cajonera abierta o puerta abierta no corta estando todo cerrado,1,(s/f)  RH-1 LUCES Y SISTEMA ELECTRICO
Sistema de frenos chilla al retroceder como si estuviera fierro con fierro,1,(s/f)  RH-1 FRENOS
cielo despegado en las esquinas y tambien en luneta trasera,1,(s/f)  RH-1 CABINA Y CARROCERIA
reemplazar toldo roto,1,(s/f)  RH-1 CABINA Y CARROCERIA
colocar letras faltantes a la puerta del conductor,1,(s/f)  RH-1 CABINA Y CARROCERIA
"Puerta trasera de cola, chapa trabada nuevamente",1,(s/f)  RH-1 CABINA Y CARROCERIA
cargador de celular esta desconectado de la caja,1,(s/f)  RH-1 CABINA Y CARROCERIA
reemplazar luces quemadas de barra led trasera,1,(s/f)  RH-1 SISTEMAS DE ALARMAS
"revisar sistema electrico de claxon, a veces se queda pegado.",1,(s/f)  RH-1 SISTEMAS DE ALARMAS
Soldar base banderin izquierdo en parachoques,1,(s/f)  RH-1 TORRE DE ILUMINACION
CORTE DE TERMINAL DE DIRECCION LADO DERECHO,1,(s/f)  B-20 DIRECCION
CAMBIAR PASTILLAS DE FRENOS SUENAN,1,(s/f)  B-20 FRENOS
VALVULA DE AIRE SUSPENSION CON FUGA,1,(s/f)  B-20 SUSPENSION
Soporte de ERA quebrado asiento trasero derecho e izquierdo,1,(s/f)  B-20 CABINA Y CARROCERIA
Seguro de corredera inferior quebrado L-3,1,(s/f)  B-20 CABINA Y CARROCERIA
FUGA DE REFRIGERANTE POR PARTE FORNTAL - NO SE ACTIVA Y ARROJA ALARMA DE T° ALTA,1,(s/f)  B-20 MOTOR
"Cañerias de entrada frontal con filtración (cambio de goma de 5"")",1,(s/f)  B-20 CUERPO BOMBA
Primer de cebado NO FUNCIUONA,1,(s/f)  B-20 CUERPO BOMBA
Ventiladores superiores de aire acondicionado malos,1,(s/f)  B-20 ACCESORIOS E INSTRUMENTOS
"Luz frontal ""Apoquindo "" quemada",1,(s/f)  B-20 SISTEMAS DE ALARMAS
Generador Honda techo de sistema de iluminación no funciona,1,(s/f)  BM-20 LUCES Y SISTEMA ELECTRICO
Sistema auto eyectable de enfuche cargador de baterias no funciona,1,(s/f)  BM-20 LUCES Y SISTEMA ELECTRICO
Golpeteo eje delantero extremo derecho,1,(s/f)  BM-20 DIRECCION
Sistema de dirección con exceso de juego,1,(s/f)  BM-20 DIRECCION
Ruido intermitente en tambores.,1,(s/f)  BM-20 FRENOS
Testigo ABS activo en tablero,1,(s/f)  BM-20 FRENOS
Puerta L1 sin amortiguador (puerta derecha),1,(s/f)  BM-20 CABINA Y CARROCERIA
Aire acondicionado no enfria por perdida de gas refrigerante,1,(s/f)  BM-20 CABINA Y CARROCERIA
Manometro de RPM no funciona.,1,(s/f)  BM-20 CUERPO BOMBA
Primer de cebado no funciona,1,(s/f)  BM-20 CUERPO BOMBA
Parlante y microfono de torre malo,1,(s/f)  BM-20 OTROS
Luz de retroceso trasera izquierda no enciende,1,(s/f)  B-10 LUCES Y SISTEMA ELECTRICO
Luces de cajoneras algunas no encienden o tienen intermitencia o prenden a medias,1,(s/f)  B-10 LUCES Y SISTEMA ELECTRICO
"Revisar alineación y orientación del volante, en carretera se carga a la derecha",1,(s/f)  B-10 DIRECCION
Revisar alarma sensor de ABS,1,(s/f)  B-10 FRENOS
"Perdida de aire en sistema de frenos, a veces queda casi en cero",1,(s/f)  B-10 FRENOS
Revisar humedad en amortiguador delantero derecho,1,(s/f)  B-10 SUSPENSION
Falta pomo de manilla de alza vidrio puerta derecha trasera,1,(s/f)  B-10 CHASSIS
Revisar holgura de manillas interiores y exteriores de las 4 puertas,1,(s/f)  B-10 CABINA Y CARROCERIA
"Revisar sistema de alta presión, no conecta y tiene fuga de aire",1,(s/f)  B-10 CUERPO BOMBA
Extensiones de graseras con tecalanes rebentados,1,(s/f)  B-10 CUERPO BOMBA
Claxon derecho no funciona,1,(s/f)  B-10 SISTEMAS DE ALARMAS
Prueba hidrostática y mantenimiento de cascada pendiente,1,(s/f)  B-10 OTROS
Revisar luces de nivel de estanque de agua no marcan,1,(s/f)  BX-10 LUCES Y SISTEMA ELECTRICO
"Revisar sistema eléctrico en general, luces de cajoneras y cuerpo bomba no encienden o tienen intermitencia",1,(s/f)  BX-10 LUCES Y SISTEMA ELECTRICO
"Revisar letras mascara, se están despegando",1,(s/f)  BX-10 CABINA Y CARROCERIA
"Revisar emblema bandera española en mascara, está suelta",1,(s/f)  BX-10 CABINA Y CARROCERIA
"Pedal de embrague más duro de lo habitual, verificar desgaste del sistema",1,(s/f)  BX-10 MOTOR
Revisar manómetro y mano vacuómetro no siempre trabajan,1,(s/f)  BX-10 CUERPO BOMBA
Reloj de RPM tablero principal a veces no marca correctamente,1,(s/f)  BX-10 ACCESORIOS E INSTRUMENTOS
Horómetro de toma de fuerza cuerpo bomba no funciona,1,(s/f)  BX-10 ACCESORIOS E INSTRUMENTOS
Realizar mantención y cambio de aceite a generador,1,(s/f)  BX-10 TORRE DE ILUMINACION
Revisar cuadratura de los carretes de mangueras desmontables (pollos),1,(s/f)  BX-10 OTROS
"Bocina no funciona, alarma de retroceso a veces no suena",1,(s/f)  B-9 LUCES Y SISTEMA ELECTRICO
Rotula torcida,1,(s/f)  B-9 DIRECCION
Volante Desalineado,1,(s/f)  B-9 DIRECCION
Sonido de golpeteo al avanzar,1,(s/f)  B-9 DIRECCION
Fuga de aire desde tecalán,1,(s/f)  B-9 FRENOS
"Golpe tren delantero izquierdo al frenar, al frenar se va hacia la izquierda",1,(s/f)  B-9 FRENOS
Paquetes desalineados,1,(s/f)  B-9 SUSPENSION
Faltan tapas de pernos de sujeción en ambas ruedas delanteras,1,(s/f)  B-9 NEUMATICOS
Tapabarros trasero derecho roto,1,(s/f)  B-9 NEUMATICOS
"Fijar imán sensor de cierre de todas las cortinas, con el desplazamiento se sueltan y se activa la alarma de cortina abierta",1,(s/f)  B-9 CABINA Y CARROCERIA
"Filtración de aceite empaquetadura y mangueras hidraulicas,",1,(s/f)  B-9 MOTOR
"Manómetro descarga general,y pitón monitor con pérdida de glicerina.",1,(s/f)  B-9 CUERPO BOMBA
Fuga de agua por manguera despiche pitón monitor. Despiche steamer drain malo,1,(s/f)  B-9 CUERPO BOMBA
Estroboscópico frontal izquierdo no Enciende. Segmento blanco Foco estroboscopico trasero izquierdo no enciende. Segmento blanco Foco estroboscopico delantero derecho no enciende.,1,(s/f)  B-9 SISTEMAS DE ALARMAS
Sirena electrónica PA300 se queda pegada,1,(s/f)  B-9 SISTEMAS DE ALARMAS
"No funciona motor para enrollado y dientes de enrollado manual están dañados, no funcionan.",1,(s/f)  B-9 OTROS
"Parlante con soporte roto, se encuentra colgando del cable.",1,(s/f)  B-9 OTROS
LUZ CUERPO BOMBA CAMBIO QUEMADA,1,(s/f)  BX-16 LUCES Y SISTEMA ELECTRICO
REPOCISION DE GUARDAFANGO DERECHO TRASERO POR EXPLOCION DE NEUMATICO,1,(s/f)  BX-16 NEUMATICOS
REVISON DE ESTADO DE CHASIS,1,(s/f)  BX-16 CHASSIS
REPRACION DE PUERTAS CABINA CAIDAS Y FALTA DE REGULACION,1,(s/f)  BX-16 CABINA Y CARROCERIA
MANTENIMIENTO FUAGA DE AGUA ESTANQUE CUERPO BOMBA,1,(s/f)  BX-16 CUERPO BOMBA
MANTENIMIENTO FUAGA CUERPO BOMBA A EXTERIOR,1,(s/f)  BX-16 CUERPO BOMBA
MANTENIMIENTO REPARAR VALVULA ALIVIO MONITOR,1,(s/f)  BX-16 CUERPO BOMBA
MANTENIMIENTO DEAPICHE RODADO,1,(s/f)  BX-16 CUERPO BOMBA
SE SOLCITA MANTENCION Y REVISION DE CUERPO BOMBA MANILLAS,1,(s/f)  BX-16 CUERPO BOMBA
TESTIGO BATERIA,1,(s/f)  BX-16 ACCESORIOS E INSTRUMENTOS
LUZ DE TROCHA DAÑADA 6-12 BORDE TRASERO IZQUIERDO,1,(s/f)  BX-16 SISTEMAS DE ALARMAS
LUZ IZQUIERDA SUELTA SE SOLICITA CAMBIO SOQUETE,1,(s/f)  RX-16 LUCES Y SISTEMA ELECTRICO
"SONIDO EN FRENOS, SE SOLICITA REVISION",1,(s/f)  RX-16 FRENOS
SONIDO EN PAQUETE DE RESORTES AL MOVIMIENTO Y CARGA,1,(s/f)  RX-16 SUSPENSION
Fijaciones de amortiguadores Se nota Oxido,1,(s/f)  RX-16 SUSPENSION
PIOLA SOSTENEDORA CAPO AL VASCULAR CORTADA,1,(s/f)  RX-16 CABINA Y CARROCERIA
BOTONERA DE ACELERADOR NO FUNCIONA,1,(s/f)  RX-16 MOTOR
FUGA DE AIRE BAJA EN PULMONES AL INCIO DE DIA,1,(s/f)  RX-16 MOTOR
AUTOEYECTOR DE MANTENEDOR MALO MAS DE 6 AÑOS,1,(s/f)  RX-16 MANTENCION
ILUMINACION DE CAJONERAS PERMANENTE (no se pueden apagar de dia),1,(s/f)  B-21 LUCES Y SISTEMA ELECTRICO
guarda fango trasero derecho cortado(goma),1,(s/f)  B-21 CABINA Y CARROCERIA
tacometro RPM no funciona,1,(s/f)  B-21 CUERPO BOMBA
carrete de mangueras (pollos) mal estado,1,(s/f)  B-21 CUERPO BOMBA
RADIO BASE CUERPO BOMBA NO FUNCIONA,1,(s/f)  B-21 ACCESORIOS E INSTRUMENTOS
ILIMINACION DE EMERGENCIA FRONTAL Y TRASERA CON FALLA,1,(s/f)  B-21 SISTEMAS DE ALARMAS
mantenimiento generador,1,(s/f)  B-21 TORRE DE ILUMINACION
ILUMINACION CAJONERAS NO FUNCIONA,1,(s/f)  BX-21 LUCES Y SISTEMA ELECTRICO
PANTALLA CAMARAS CON ERROR PERMANENTE QUE NO DEJA VER,1,(s/f)  BX-21 LUCES Y SISTEMA ELECTRICO
CRUJIDO EN PAQUETES DE RESORTES,1,(s/f)  BX-21 SUSPENSION
NEUMATICO DELANTERO IZQUIERDO CON GRIETA,1,(s/f)  BX-21 NEUMATICOS
CHAPA DE CONTACTO MAL FUNCIONAMIENTO BLOQUEA ALZAVIDRIOS,1,(s/f)  BX-21 CABINA Y CARROCERIA
SEGUROS CAJONERA DE TECHO CAJON Y CHORIZOS DEFECTUOSOS,1,(s/f)  BX-21 CABINA Y CARROCERIA
TAPIIZ PUERTA TRASEDA DERECHA QUEBRADO,1,(s/f)  BX-21 CABINA Y CARROCERIA
REVERSA CON DIFICULTAD DE ENGANCHE (REGULACION PIOLAS),1,(s/f)  BX-21 MOTOR
PITON MANGUERIN OBSTRUIDO,1,(s/f)  BX-21 MOTOR
NIVEL DE AGUA ESTANQUE DEFECTUOSO,1,(s/f)  BX-21 CUERPO BOMBA
RADIO BASE CUERPO BOMBA NO FUNCIONA DESDE LA INSTALACION,1,(s/f)  BX-21 CUERPO BOMBA
TELECOMANDO LIMPIA PARABRISAS SE ACCIONA SOLO,1,(s/f)  Z-21 LUCES Y SISTEMA ELECTRICO
CORTA CORRIENTE D PISO SUELTO,1,(s/f)  Z-21 LUCES Y SISTEMA ELECTRICO
HOLGURA ANORMAL EN TERMINALES DE DIRECCION (ROTULAS),1,(s/f)  Z-21 DIRECCION
Chequeo De Neumáticos,1,(s/f)  Z-21 NEUMATICOS
SEGUROS CHORIZOS DE TECHO DEFECTUOSOS,1,(s/f)  Z-21 CHASSIS
CARROSERIA INCLINADA LADO IZQUIERDO,1,(s/f)  Z-21 CHASSIS
SEGUROS DE CIERRE CAJONERAS LATERALES EN MAL ESTADO,1,(s/f)  Z-21 CABINA Y CARROCERIA
NIVEL DE ESTANQUE DE AGUA DEFECTUOSO,1,(s/f)  Z-21 CUERPO BOMBA
CAMARA RETROCESO CON ANGULO INVERTIDO CONDUCE AL ERROR DE MANIOBRAS,1,(s/f)  Z-21 ACCESORIOS E INSTRUMENTOS
"ACCIONADOR DE FRENO MANO MAXI DURO DE ACCIONAR, TABLERO SUELTO",1,(s/f)  Z-21 ACCESORIOS E INSTRUMENTOS
SIRENA PA-PI DEFECTUOSA,1,(s/f)  Z-21 SISTEMAS DE ALARMAS
"ASIENTO CONDUCTOR TAPIZ ROTO, REGULADOR DE AIRE QUEBRADO",1,(s/f)  Z-21 OTROS
FUGA DE AGUA POR ARTICULACION DESCARGA RAPIDA (DESGASTE DE DISCO),1,(s/f)  Z-21 OTROS
CONECTAR RADIO TELECOM,1,(s/f)  RM-21 LUCES Y SISTEMA ELECTRICO
RUEDA DE REPUESTO Y GATA DE LEVANTE (NO TIENE),1,(s/f)  RM-21 NEUMATICOS
RECTIFICACION POSICION DE VOLANTE,1,(s/f)  Q-12 DIRECCION
FIJACION SOPORTE HALLIGANS,1,(s/f)  Q-12 CHASSIS
AIRE ACONDICIONADO CONTRACABINA MALO (CONTROLES MALOS),1,(s/f)  Q-12 CABINA Y CARROCERIA
REVISAR REBALSE DE COMBUSTIBLE (CUANDO SE LLENA),1,(s/f)  Q-12 MOTOR
TORRE ILUMINACION CAMBIO FOCOS QUEMADOS (4 FOCOS),1,(s/f)  Q-12 TORRE DE ILUMINACION
CARGADOR MANTENEDOR DE CORRIENTE SIEMPRE MANTIENE EN EL MINIMO,1,(s/f)  RX-12 LUCES Y SISTEMA ELECTRICO
CORRECCION POSICION DEL VOLANTE,1,(s/f)  RX-12 DIRECCION
REHUBICACION CAMARA TRASERA (ESCALERA TECHO),1,(s/f)  RX-12 ACCESORIOS E INSTRUMENTOS
FIJACION DE BARRA BALIZA TECHO,1,(s/f)  RX-12 SISTEMAS DE ALARMAS
SIRENA FEDERAL Q2B PEGADA,1,(s/f)  RX-12 SISTEMAS DE ALARMAS
INSTALAR LUZ PERIMETRAL LATERALES ( PARA PAB Y RURAL ),1,(s/f)  Z-2 LUCES Y SISTEMA ELECTRICO
INSTALAR LUZ EN CAJONERA DERECHA-SUPERIOR,1,(s/f)  Z-2 LUCES Y SISTEMA ELECTRICO
RESTAURAR APOYO DEL ESTANQUE DE COMBUSTIBLE A SU POSICION ORIGINAL,1,(s/f)  Z-2 CHASSIS
REPARA PASADOR DE PISADERA LADO DERECHO,1,(s/f)  Z-2 CABINA Y CARROCERIA
REPONER ASTA PARACHOQUES DELANTERO IZQUIERDO,1,(s/f)  Z-2 CABINA Y CARROCERIA
RENOVAR LUCES ALARMA SUPERIOR FRONTAL (PROVEIDAS POR 2DA LA CIA),1,(s/f)  Z-2 SISTEMAS DE ALARMAS
INSTALAR LUZ PERIMETRAL FRONTAL ( PARA FUNCION 10-3 y 10-4 ),1,(s/f)  B-2 LUCES Y SISTEMA ELECTRICO
REPARA PERDIDA DE AIRE VALVULA COMPARTIMENTO CUERPO BOMBA,1,(s/f)  B-2 FRENOS
FORTALECER ANCLAJE-UNION PUERTA PISADERA TRIPULACION DERECHA,1,(s/f)  B-2 CABINA Y CARROCERIA
"CAMBIAR MATERIAL DEL ASIENTO DEL CONDUCTOR, SE ESTA DETERIORANDO",1,(s/f)  B-2 CABINA Y CARROCERIA
"PITON DEL MANGUERIN CON FUGA Y CIERRE DEFECTUOSO, SOLICITA REEMPLAZO",1,(s/f)  B-2 CUERPO BOMBA
MECANISMO DE ABRIR POLLO SE ATASCA ABIERTO (REVISAR),1,(s/f)  B-2 CUERPO BOMBA
"LUZ DE PANEL TRANSMISION AUTOMATICA SE APAGA AL ENCENDER LUCES, DEBE PERMANECER ILUMINADO PERMANENTEMENTE",1,(s/f)  BX-2 LUCES Y SISTEMA ELECTRICO
REPONER TAPA DE RUEDA DELANTERA DERECHA,1,(s/f)  BX-2 NEUMATICOS
"SE HACE NECESARIO ALINEACION, BALANCEO Y ALINEAR EL VOLANTE DE DIRECCIÓN",1,(s/f)  Q-8 DIRECCION
FOCO 220 VOLT DE TORRE QUEMADO Y DERRETIDO,1,(s/f)  Q-8 TORRE DE ILUMINACION
ROTURA MOTOR DE CAMBIO DE PATRON DE MONITOR,1,(s/f)  Q-8 OTROS
REVISAR FUNCIONAMIENTO YA QUE NO OPERA CORRECTAMENTE (NO TIENE RETORNO AUTOMATICO),1,(s/f)  Q-8 OTROS
FOCOS LED DE TORRE DE ILUMINACIÓN SE APAGAN AL ELEVAR 2do. CUERPO DEL MASTIL,1,(s/f)  RX-8 LUCES Y SISTEMA ELECTRICO
CORNETA DE PAPI ROTA SOLICITA CAMBIO,1,(s/f)  RX-8 OTROS
"NO OPERATIVO, DEBE SER REEMPLAZADO.",1,(s/f)  RX-8 OTROS
LUEGO DE COLISIÓN NO FUERON REPUESTOS,1,(s/f)  RX-8 OTROS
CHEQUEO DE NEUMATICOS,1,(s/f)  M-8 NEUMATICOS
RECAMBIO DE FILTROS,1,(s/f)  M-8 MANTENCION
Torre de iluminacion presento problemas al subir hace 2 semanas y ahora ya no funciona.,1,(s/f)  B-3 TORRE DE ILUMINACION
Perdida de aire y fuga de agua de camas cruzadas,1,(s/f)  BT-3 CUERPO BOMBA
Gobernador de aire defectuosa a la espera de repuesto,1,(s/f)  BT-3 OTROS
aire acondicionado no funciona,1,(s/f)  BT-3 OTROS
Generador no funcionan tomas de corriente y nunca se le a hecho mantencion en 10 años.,1,(s/f)  BT-3 OTROS
LUZ TROCHA PISADERA LADO DEL CONDUCTOR SIN MICA Y LUZ DE TROCHA UBICADA SOBRE NEUMATICO DELANTERO LADO CONDUCTOR CON FALLAS,1,(s/f)  BX-22 LUCES Y SISTEMA ELECTRICO
INSTRUMENTACION DE CUERPO DE BOMBA NO FUNCIONA (REF SRM 136),1,(s/f)  BX-22 CUERPO BOMBA
NO FUNCIONA MEDIDOR DE COMBUSTIBLE,1,(s/f)  BX-22 ACCESORIOS E INSTRUMENTOS
BARRA DE LUCES TRASERA NO ENCIENDE (CAMBIAR BOTONERA PRINCIPAL) Y ESTROBO SUPERIOR IZQ,1,(s/f)  BX-22 SISTEMAS DE ALARMAS
"PAPI NO FUNCIONA (REF. SRM 136, 139,144, 160) REVISION SISTEMA ELECTRICA DE ESTE, REVISION DEL SISTEMA DE ALIMENTACION DE FEDERAL ELECTRONICA",1,(s/f)  BX-22 SISTEMAS DE ALARMAS
Fuga de liquido hidraulico sector rueda conductor,1,(s/f)  B-22 DIRECCION
Juego excesivo en direccion,1,(s/f)  B-22 DIRECCION
Chequeo de neumaticos,1,(s/f)  B-22 NEUMATICOS
medidor de nivel de combustible no funciona,1,(s/f)  B-22 ACCESORIOS E INSTRUMENTOS
Fuga de aire no identificada,1,(s/f)  B-22 OTROS
FALTA BALIZA DE SOBRE CARGA ESCALA MECANICA,1,(s/f)  Q-6 LUCES Y SISTEMA ELECTRICO
SENSOR PUERTA TRASERA DERECHA DEFECTUOSO,1,(s/f)  Q-6 CABINA Y CARROCERIA
FIJAR GUARDAFANGOS TRASERO IZQ YA QUE SALE DE LA ESTRUCTURA,1,(s/f)  Q-6 CABINA Y CARROCERIA
"PITON MONITOR ESCALA MECANICA MALO, INTERCOMUNICADOR ESCALA MECANICA MALO,",1,(s/f)  Q-6 TORRE DE ILUMINACION
BOTON DE ESTABILIZADORES SE QUEDAN PEGADOS.,1,(s/f)  Q-6 TORRE DE ILUMINACION
REGULAR PASADORES BANDEJA EXTRAIBLE COMPARTIMIENTO C1,1,(s/f)  Q-6 OTROS
BATERIAS MALAS,1,(s/f)  RX-6 LUCES Y SISTEMA ELECTRICO
SENSOR ABS MALO,1,(s/f)  RX-6 FRENOS
INDICADOR DE NIVEL DE COMBUSTIBLE PRESENTA ERRORES EN LECTURA EN ALGUNAS OCACIONES,1,(s/f)  RX-6 ACCESORIOS E INSTRUMENTOS
FUGA EN VALVULA MAESTRA DE CORTE (INFORMADO SRM 2025-22),1,(s/f)  B-13 CUERPO BOMBA
EN OCASIONES SE QUEDA PEGADO AL ACTIVAR,1,(s/f)  B-13 CUERPO BOMBA
Trabajo erroneo del nivel de estanque (cuerpo de bomba) (INFORMADO SRM 2025-16),1,(s/f)  B-13 CUERPO BOMBA
ACTIVACION DE ALARMA DE RETROCESO SIN METER REVERSA (INFORMADO SRM 2025-20),1,(s/f)  BM-13 LUCES Y SISTEMA ELECTRICO
ACTIVACION DE ALARMA DE SOBRE TEMPERATURA MOTOR SIN TENER SOBRE TEMPERATURA,1,(s/f)  BM-13 LUCES Y SISTEMA ELECTRICO
FRENOS LARGOS (INSPECCIONAR RECORRIDO DE BALATAS),1,(s/f)  BM-13 FRENOS
ENCENDIDO DE TESTIGO FILTRO DE AIRE (INFORMADO SRM 2025-18),1,(s/f)  BM-13 MOTOR
Switch Star/Stop con problemas para detener la maquina (INFORMADO SRM 2025-20),1,(s/f)  BM-13 MOTOR
"Perdida de fuerza en primeras marchas, a partir de 3ra se regulariza",1,(s/f)  BM-13 MOTOR
"Fuga en valvula de salida 3"" costado del copiloto",1,(s/f)  BM-13 CUERPO BOMBA
No funciona el aire Acondicionado,1,(s/f)  BM-13 ACCESORIOS E INSTRUMENTOS
Se ha encendido multiples veces el indicador Stop/enguine,1,(s/f)  BM-13 OTROS
"Re apriete, pisadera cabina tripulación, lado derecho.",1,(s/f)  MX-15 CHASSIS
Recambio de tapabarro delanteros izquierdo y derecho (rotos).,1,(s/f)  MX-15 CABINA Y CARROCERIA
Enchufe de carga de bateria dañados.,1,(s/f)  MX-15 OTROS
Sensores puerta derecha bomba sueltos/desconectados.,1,(s/f)  MX-15 OTROS
Detailing para limpiar tierra y grasa + lavado de chasis.,1,(s/f)  MX-15 OTROS
Valvula de cierre de estanque a bomba muy apretada,1,(s/f)  MX-15 OTROS
Reponer radio base de canasto de MX15.,1,(s/f)  MX-15 OTROS
Renovar los pasadores de los seguros de las bases.,1,(s/f)  MX-15 OTROS
Reposición de mangueras de aire quemadas,1,(s/f)  MX-15 OTROS
Fijar en cabina las bases de carga de MX15 o cambiarlas como las que tiene Q15.,1,(s/f)  MX-15 OTROS
Base de asiento de la tripulación roto.,1,(s/f)  MX-15 OTROS
Salídas de 200v en canasto con problemas.,1,(s/f)  MX-15 OTROS
Arreglo de protector y pedestal de escalas de 7 en techo.,1,(s/f)  Q-15 CHASSIS
Retiro de pack de escalas en lado izquierdo / techo de Q15,1,(s/f)  Q-15 OTROS
Caja muy alta y con exceso de altura para lo que contiene.,1,(s/f)  Q-15 OTROS
Aire acondicionado no entrega aire frio.,1,(s/f)  Q-15 OTROS
"Por descuido de voluntarios, carcaza de motor AC está quebrado, arreglar.",1,(s/f)  Q-15 OTROS
"Luces bajas amarillas ya no iluminan el camino, cambiar.",1,(s/f)  RX-15 LUCES Y SISTEMA ELECTRICO
Verificar llanta delantera izquierda por deformación,1,(s/f)  RX-15 NEUMATICOS
Neumaticos por fecha están para cambio.,1,(s/f)  RX-15 NEUMATICOS
"Torre de iluminación mala por 6-12, falta pieza completa.",1,(s/f)  RX-15 TORRE DE ILUMINACION
Sistema de aire de asiento de conductor malo,1,(s/f)  RX-15 OTROS
"Ambos sistemas con problemas hace tiempo, se requiere solucionar.",1,(s/f)  RX-15 OTROS
Plástico de puerta a cargo y conductor quebrados.,1,(s/f)  RX-15 OTROS
Modificaciones a realizar en CML para instalar alzaprimas paratech.,1,(s/f)  RX-15 OTROS
Reposición y arreglo de bombines de cofres en Techo (4 bombines),1,(s/f)  RX-15 OTROS
Claraboya se abre pero cae por no tener bombin.,1,(s/f)  RX-15 OTROS
"Lavado para retirar grasas y tierra y además, lavado de chasis del camión.",1,(s/f)  RX-15 OTROS
Alarma de Retroceso no funciona o lo hace esporadicamente,1,(s/f)  RX-14 LUCES Y SISTEMA ELECTRICO
"Autoeject no funciona, Pendiente instalacion cargadores camara termal",1,(s/f)  RX-14 LUCES Y SISTEMA ELECTRICO
Accionamiento con fuga de aire,1,(s/f)  RX-14 FRENOS
No funciona comando eléctrico de espejos,1,(s/f)  RX-14 CABINA Y CARROCERIA
Comando de apertura neumatica de manguerin con fuga. Valvula salida con indicador de cierre incorrecto,1,(s/f)  RX-14 CUERPO BOMBA
Rejillas ausentes en entradas.,1,(s/f)  RX-14 CUERPO BOMBA
Display de Odometro practicamente no permite lectura,1,(s/f)  RX-14 ACCESORIOS E INSTRUMENTOS
Pantalla multiplexado trasera con problema de display. Firecom malos,1,(s/f)  RX-14 ACCESORIOS E INSTRUMENTOS
Papi sin funcionamiento. Claxon volante y obac sin funcionamiento,1,(s/f)  RX-14 SISTEMAS DE ALARMAS
Torre con ampolleta quemada. Mastil con error y se bloquea al girar.,1,(s/f)  RX-14 TORRE DE ILUMINACION
No funciona display. Fases invertidas,1,(s/f)  RX-14 TORRE DE ILUMINACION
Bomba hidráulica / mangueras integradas no funcionan correctamente,1,(s/f)  RX-14 TORRE DE ILUMINACION
Aire Acondicionado No enfría,1,(s/f)  RX-14 OTROS
"ALINEACION, VOLANTE NO QUEDA CENTRADO",1,(s/f)  Q-7 DIRECCION
ASIENTOS TRASEROS CON FISURAS EN ESTRUCTURA,1,(s/f)  Q-7 CABINA Y CARROCERIA
PERDIDA DE AIRE EN ESTANQUE PRIMARIO,1,(s/f)  Q-7 MOTOR
PENDIENTE REPARACION AIRE ACONDICIONADO,1,(s/f)  Q-7 MOTOR
"PERDIDAS DE ACEITE Y FLUIDOS, POSTERIOR DE REPARACION CUMMINS",1,(s/f)  Q-7 MOTOR
FOCO DE TORRE SUPERIOR DERECHO QUEMADO SIN SOLUCION,1,(s/f)  Q-7 TORRE DE ILUMINACION
FUGA DE LIQUIDO DELOS CILINDROS HIDRAULICOS DE TORRE,1,(s/f)  Q-7 OTROS
FALLA EN FOCO PRINCIPAL DELANTERO DERECHO,1,(s/f)  RX-7 LUCES Y SISTEMA ELECTRICO
ENCHUFE AUTOEJECTABLE NO FUNCIONA,1,(s/f)  RX-7 LUCES Y SISTEMA ELECTRICO
SISTEMA AIRE ACONDICIONADO NO ENFRIA,1,(s/f)  RX-7 MOTOR
"LUCES FRONTALES EN MAL ESTADO, QUEMADAS",1,(s/f)  RX-7 SISTEMAS DE ALARMAS
LUZ PERIMETRAL TRASERA DERECHA PRESENTA FALLA Y NO ENCIENDE,1,(s/f)  RX-7 TORRE DE ILUMINACION
Neblineros no encienden,1,(s/f)  H-17 LUCES Y SISTEMA ELECTRICO
Piso conductor altamente dañado,1,(s/f)  H-17 CABINA Y CARROCERIA
Freno de motor funcionamiento intermitente,1,(s/f)  H-17 MOTOR
Luces del tablero de instrumentos no encienden,1,(s/f)  H-17 ACCESORIOS E INSTRUMENTOS
Sistema doble sonido (PAPI) no funciona,1,(s/f)  H-17 SISTEMAS DE ALARMAS
Focos no encienden,1,(s/f)  H-17 TORRE DE ILUMINACION
Sistema Neumático no funciona,1,(s/f)  H-17 TORRE DE ILUMINACION
"Sistema de cascadas, Seguro de carros porta cilindro carga dañados",1,(s/f)  H-17 OTROS
Sistema luces 911 no funciona,1,(s/f)  B-17 LUCES Y SISTEMA ELECTRICO
Caja eléctrica boomer quebrada (pendiente de reemplazo IP68),1,(s/f)  B-17 LUCES Y SISTEMA ELECTRICO
Revisar sistema de frenos por sonido agudo al frenar suave,1,(s/f)  B-17 FRENOS
Espejo retrovisor derecho quebrado,1,(s/f)  B-17 CABINA Y CARROCERIA
Sistema aire acondicionado no funciona,1,(s/f)  B-17 CABINA Y CARROCERIA
"Cuerpo bomba, no levanta succión",1,(s/f)  B-17 CUERPO BOMBA
Piton monitor boomer falla,1,(s/f)  B-17 CUERPO BOMBA
Carga de accesorios no funciona,1,(s/f)  B-17 ACCESORIOS E INSTRUMENTOS
Focos torre de iluminación no encienden (quemados),1,(s/f)  B-17 TORRE DE ILUMINACION
Boomer presenta movimientos bruscos,1,(s/f)  B-17 TORRE DE ILUMINACION
Revisar compresor de aire ( funciona al conectar,1,(s/f)  H-18 LUCES Y SISTEMA ELECTRICO
Suspensión neumatica pierde aire y dura,1,(s/f)  H-18 SUSPENSION
Rotar neumáticos traseros externos por internos,1,(s/f)  H-18 NEUMATICOS
Reparar soportes BODY lado piloto y centrales,1,(s/f)  H-18 CABINA Y CARROCERIA
Mantenimiento de motor,1,(s/f)  H-18 MOTOR
"Llave drenaje pre conectado rojo , rodada",1,(s/f)  H-18 CUERPO BOMBA
Sistema de espuma dejo de funcionar,1,(s/f)  H-18 CUERPO BOMBA
"FRC 360 imagen no nítida, al señalizar izquierda no prende pantalla",1,(s/f)  H-18 ACCESORIOS E INSTRUMENTOS
Pérdida de aceite motor,1,(s/f)  H-18 MANTENCION
Firecom cambiar baterías,1,(s/f)  H-18 OTROS
Reparar amortiguador interno silo,1,(s/f)  H-18 OTROS
Enderezar tapa silo,1,(s/f)  H-18 OTROS
Generador no funcionan electro ventiladores y se calienta dejando de entregar corriente,1,(s/f)  H-18 OTROS
Botón de ingnicion está duro (start),1,(s/f)  B-18 LUCES Y SISTEMA ELECTRICO
Sirena electrónica Whelen en sonido “ PIER” selector fallando.,1,(s/f)  B-18 LUCES Y SISTEMA ELECTRICO
Se carga la dirección para la derecha,1,(s/f)  B-18 DIRECCION
Al frenar se carga para la izquierda,1,(s/f)  B-18 FRENOS
Neumáticos traseros externos con falta de calugas.,1,(s/f)  B-18 NEUMATICOS
Brazo de limpia parabrisas piloto se desarma,1,(s/f)  B-18 CABINA Y CARROCERIA
Tornillos faltantes a aluminio de body espalda de cabina,1,(s/f)  B-18 CABINA Y CARROCERIA
Palanca de cortina de rescate queda suelta,1,(s/f)  B-18 CABINA Y CARROCERIA
Alta presión no funciona (pendiente Heavy Service),1,(s/f)  B-18 CUERPO BOMBA
Cambiar kit de sellos de salidas de agua,1,(s/f)  B-18 CUERPO BOMBA
Llave de cuerpo bomba “ llenado de estanque “ está muy cerca del panel.,1,(s/f)  B-18 CUERPO BOMBA
Bomba de cebado en modo automático no funciona.,1,(s/f)  B-18 CUERPO BOMBA
Problema de succión en aspiración de 6”,1,(s/f)  B-18 CUERPO BOMBA
Faltan tornillos en bisel de entrada de 3” lado piloto,1,(s/f)  B-18 CUERPO BOMBA
Revisar nivel de aceite en masas delanteras.,1,(s/f)  B-18 MANTENCION
Amortiguador rack de escala malo baja de golpe o al guardar,1,(s/f)  B-18 OTROS
Soportes ERA cabina Reparar soportes ERA que no abren al tirar palanca,1,(s/f)  B-18 OTROS
Sirena Q2B rodamiento malo suena lento al principio,1,(s/f)  BT-18 LUCES Y SISTEMA ELECTRICO
Revisar generador no está marcando reloj.,1,(s/f)  BT-18 LUCES Y SISTEMA ELECTRICO
Luces cajoneras primera cortina ambos lados piloto y copiloto no prenden,1,(s/f)  BT-18 LUCES Y SISTEMA ELECTRICO
"Volante chueco, hay que hacer alineacion",1,(s/f)  BT-18 DIRECCION
Hacer rotacion de neumaticos traseros,1,(s/f)  BT-18 NEUMATICOS
Realizar lubricacion a todas las graseras de chasis.,1,(s/f)  BT-18 CHASSIS
"Perdida de aceite sector carter, bomba de direccion, varilla medidor aceite, PTO",1,(s/f)  BT-18 MOTOR
"Revisar marcador de Adblue, tira alarma de nivel bajo.",1,(s/f)  BT-18 MANTENCION
Problema con autoguardado de torre de iluminación,1,(s/f)  BT-18 TORRE DE ILUMINACION
Camara de retroceso Sin cámara trasera.,1,(s/f)  BT-18 OTROS
Botones descarga lateral flash lado piloto no funciona para sacar canal y para apertura,1,(s/f)  BT-18 OTROS
Sin alarma de retroceso no suena,1,(s/f)  BT-18 OTROS
"Reparar soporte ERA a cargo, manilla tirador suelta.",1,(s/f)  BT-18 OTROS
Se debe cambiar bateria,1,(s/f)  B-14 LUCES Y SISTEMA ELECTRICO
Intercomunicado OBAC no carga,1,(s/f)  B-14 LUCES Y SISTEMA ELECTRICO
Volante desalineado,1,(s/f)  B-14 DIRECCION
Revisar dirección,1,(s/f)  B-14 DIRECCION
Espejos puertas de cabina requieren cambio de soporte,1,(s/f)  B-14 CABINA Y CARROCERIA
Funda Cinturon de Seguridad Conductor Rota,1,(s/f)  B-14 CABINA Y CARROCERIA
Boton de encendido suelto,1,(s/f)  B-14 MOTOR
Tapa de Liq Refrigerante Quebrada,1,(s/f)  B-14 MOTOR
Fuga de agua desde cuerpo de bomba proablemente por bba centrifuga,1,(s/f)  B-14 CUERPO BOMBA
"Gobernado con modo ""presion"" no utilizable",1,(s/f)  B-14 CUERPO BOMBA
Pantalla de valvula preconectada con falla. No cierra,1,(s/f)  B-14 CUERPO BOMBA
Papi sin funcionamiento.,1,(s/f)  B-14 SISTEMAS DE ALARMAS
"Pantalla cabina, lado conductor, deja de funcionar.",1,(s/f)  B-11 LUCES Y SISTEMA ELECTRICO
"Alzavidrio puerta trasera derecha, revisar. Vidrio abajo.",1,(s/f)  B-11 CABINA Y CARROCERIA
"Rev. llaves lado derecho/izquierdo trasero, con fuga.",1,(s/f)  B-11 CUERPO BOMBA
"Sincronización luz estroboscopica, lado derecho, sobre eje trasero",1,(s/f)  B-11 SISTEMAS DE ALARMAS
"Papí, activación desde boton bocina, apagar al desconectar contacto.",1,(s/f)  B-11 SISTEMAS DE ALARMAS
Pendiente mantención generador.,1,(s/f)  B-11 TORRE DE ILUMINACION
"Revisar manguerin primeros auxilios, Fuga de agua entre manguerin y tira.",1,(s/f)  B-11 OTROS
"Revisar cargador cabina camara termal, Carga irregular",1,(s/f)  B-11 OTROS
BALIZA AZUL TRASERA DERECHA,1,(s/f)  B-4 LUCES Y SISTEMA ELECTRICO
REPOSICION UNION DE 75MM PARA FIJAR SALIDA DE CAMA,1,(s/f)  B-4 CHASSIS
PISADERAS AMBOIS COSTADOS,1,(s/f)  B-4 CABINA Y CARROCERIA
UNO DE LOS SOPORTES DEL EQUIPO DE RESPIRACIÓN DE LA CABINA NO LO ASEGURA.,1,(s/f)  B-5 CABINA Y CARROCERIA
LA VALVULA DE LA SALIDA N°7 ESTÁ AGRIPADA. DESPUÉS DEL VACIADO DE BOMBA QUEDA,1,(s/f)  B-5 CUERPO BOMBA
FUGA EN EL ESTANQUE DE COMBUSTIBLE.,1,(s/f)  M-5 MOTOR
INSTALAR ASCENSOR NUEVO YA QUE EL ANTERIOR RESULTÓ DAÑADO Y FUE RETIRADO.,1,(s/f)  M-5 OTROS